{"cameraMode":{"drawMode":0,"name":"Shaded","section":"Shading Mode"},"sceneLighting":true,"audioPlay":false,"sceneViewState":{"showFog":true,"showMaterialUpdate":true,"showSkybox":false,"showFlares":true,"showImageEffects":true,"showParticleSystems":true},"in2DMode":false,"pivot":{"x":9.616280555725098,"y":-6.379302501678467,"z":11.492233276367188},"rotation":{"x":-0.18244391679763795,"y":-0.353399395942688,"z":0.07048942893743515,"w":-0.9147974848747253},"size":21.9554500579834,"orthographic":false}