{"cameraMode":{"drawMode":0,"name":"Shaded","section":"Shading Mode"},"sceneLighting":true,"audioPlay":false,"sceneViewState":{"showFog":true,"showMaterialUpdate":true,"showSkybox":true,"showFlares":true,"showImageEffects":true,"showParticleSystems":true},"in2DMode":false,"pivot":{"x":-2.339569091796875,"y":-0.7438960075378418,"z":1.9802203178405762},"rotation":{"x":-0.149616077542305,"y":0.4582797884941101,"z":-0.07857723534107208,"w":-0.8725939989089966},"size":10.365612983703614,"orthographic":false}